insert into Skuespiller values
('Jennifer Aniston', '1969'),
('Couteney Cox', '1964'),
('Matt LeBlanc', '1967'),
('David Schwimmer', '1966'),
('Lisa Kudrow', '1963'),
('Matthew Langford Perry', '1969'),
('Zach Braff', '1975'),
('Sarah Chalke', '1976'),
('Donald Faison', '1974'),
('John Christopher McGinley', '1959')

insert into Serie values
('Scrubs', 'Doozer Production'),
('Venner', 'Warner Bros.')

insert into Seson values
('1994-09-22','1995-05-13', 1, 'Venner'),
('1995-09-21','1996-05-18', 2, 'Venner'),
('2001-10-02', '2002-05-21', 1, 'Scrubs'),
('2002-09-26', '2003-04-17', 2, 'Scrubs')

insert into Episode values
(1, 'Den med sonogram for enden', 50, 1 ),
(2, 'Den med tommelfingeren', 50, 1 ),
(3, 'Den med numsen', 50, 1 ),
(4, 'Den med med blackoutet', 50, 1 ),
(5, 'Den hvor bedstemor dør to gange', 50, 1 )

insert into Episode values
(6, 'Den med Ross nye kæreste', 50, 2 ),
(7, 'Den med brystmælken', 50, 2 ),
(8, 'Den hvor råbet dør', 50, 2 ),
(9, 'Den med Phoebes mand', 50, 2 ),
(10, 'Den med fem steaks og en aubergine', 50, 2 )

insert into Episode values
(11, 'My First Day', 50, 3 ),
(12, 'My Mentor', 50, 3 ),
(13, 'My Best Friends Mistake', 50, 3 ),
(14, 'My Old Lady', 50, 3 ),
(15, 'My Two Dads', 50, 3 )

insert into Episode values
(16, 'My Overkill', 50, 4 ),
(17, 'My Nightingale', 50, 4 ),
(18, 'My Big Mouth', 50, 4 ),
(19, 'My New Coat', 50, 4 ),
(20, 'My Big Brother', 50, 4 )

insert into SkuespillerIEpsiode values
(1, 'Jennifer Aniston'),
(1, 'Couteney Cox'),
(1, 'Matt LeBlanc'),
(1, 'David Schwimmer')

insert into SkuespillerIEpsiode values
(2, 'Jennifer Aniston'),
(2, 'Couteney Cox'),
(2, 'Matt LeBlanc'),
(2, 'David Schwimmer'),
(2, 'Lisa Kudrow'),
(2, 'Matthew Langford Perry')

insert into SkuespillerIEpsiode values
(3, 'Jennifer Aniston'),
(3, 'Couteney Cox'),
(3, 'Matt LeBlanc'),
(3, 'David Schwimmer'),
(3, 'Lisa Kudrow'),
(3, 'Matthew Langford Perry')

insert into SkuespillerIEpsiode values
(4, 'Jennifer Aniston'),
(4, 'David Schwimmer'),
(4, 'Lisa Kudrow'),
(4, 'Matthew Langford Perry')

insert into SkuespillerIEpsiode values
(5, 'Couteney Cox'),
(5, 'Matt LeBlanc'),
(5, 'David Schwimmer'),
(5, 'Lisa Kudrow'),
(5, 'Matthew Langford Perry')

insert into SkuespillerIEpsiode values
(6, 'Jennifer Aniston'),
(6, 'Couteney Cox'),
(6, 'Matt LeBlanc'),
(6, 'David Schwimmer'),
(6, 'Lisa Kudrow'),
(6, 'Matthew Langford Perry')

insert into SkuespillerIEpsiode values
(7, 'Jennifer Aniston'),
(7, 'Couteney Cox'),
(7, 'Matt LeBlanc'),
(7, 'David Schwimmer'),
(7, 'Matthew Langford Perry')

insert into SkuespillerIEpsiode values
(8, 'Jennifer Aniston'),
(8, 'Couteney Cox'),
(8, 'Matt LeBlanc'),
(8, 'David Schwimmer'),
(8, 'Lisa Kudrow'),
(8, 'Matthew Langford Perry')

insert into SkuespillerIEpsiode values
(9, 'Jennifer Aniston'),
(9, 'Couteney Cox'),
(9, 'Matt LeBlanc'),
(9, 'David Schwimmer')

insert into SkuespillerIEpsiode values
(10, 'Matt LeBlanc'),
(10, 'David Schwimmer'),
(10, 'Lisa Kudrow'),
(10, 'Matthew Langford Perry')

insert into SkuespillerIEpsiode values
(11, 'Couteney Cox'),
(11, 'Zach Braff'),
(11, 'Sarah Chalke'),
(11, 'Donald Faison')

insert into SkuespillerIEpsiode values
(12, 'Couteney Cox'),
(12, 'Zach Braff'),
(12, 'Sarah Chalke'),
(12, 'Donald Faison'),
(12, 'John Christopher McGinley')

insert into SkuespillerIEpsiode values
(13, 'Couteney Cox'),
(13, 'Zach Braff'),
(13, 'Sarah Chalke'),
(13, 'Donald Faison'),
(13, 'John Christopher McGinley')

insert into SkuespillerIEpsiode values
(14, 'Zach Braff'),
(14, 'Sarah Chalke'),
(14, 'Donald Faison'),
(14, 'John Christopher McGinley')

insert into SkuespillerIEpsiode values
(15, 'Zach Braff'),
(15, 'Sarah Chalke'),
(15, 'Donald Faison'),
(15, 'John Christopher McGinley')

insert into SkuespillerIEpsiode values
(16, 'Sarah Chalke'),
(16, 'Donald Faison'),
(16, 'John Christopher McGinley')

insert into SkuespillerIEpsiode values
(17, 'Zach Braff'),
(17, 'Sarah Chalke'),
(17, 'Donald Faison')

insert into SkuespillerIEpsiode values
(18, 'Zach Braff'),
(18, 'Sarah Chalke'),
(18, 'John Christopher McGinley')

insert into SkuespillerIEpsiode values
(19, 'Zach Braff'),
(19, 'Sarah Chalke'),
(19, 'Donald Faison'),
(19, 'John Christopher McGinley')

insert into SkuespillerIEpsiode values
(20, 'Zach Braff'),
(20, 'Sarah Chalke'),
(20, 'Donald Faison'),
(20, 'John Christopher McGinley')
